序号,打包二维码,工件名称,数量,长,宽,成品面积,厚,材料,开料长,开料宽,切割面积,开料厚,板件条码,板号,前封边,后封边,左封边,右封边,纹路,订单号,客户名称,项目地址,部件名称,条码
1,COCINA-01_B1 Esquinero bajo_Lateral A,COCINA-01_B1 Esquinero bajo_Lateral A,1,760,580,0.44,18,18_Melamina_BLANCO 18,760,579,0.44,18,9992609290016_9992609290016,,0,0,1,0,竖纹,COCINA-01,PRUEBA,,COCINA-01_B1 Esquinero bajo_Lateral A,9992609290016
2,COCINA-01_B1 Esquinero bajo_Lateral B,COCINA-01_B1 Esquinero bajo_Lateral B,1,760,580,0.44,18,18_Melamina_BLANCO 18,760,579,0.44,18,9992609290023_9992609290023,,0,0,0,1,竖纹,COCINA-01,PRUEBA,,COCINA-01_B1 Esquinero bajo_Lateral B,9992609290023
3,COCINA-01_B1 Esquinero bajo_Piso,COCINA-01_B1 Esquinero bajo_Piso,1,782,782,0.61,18,18_Melamina_BLANCO 18,782,782,0.61,18,9992609290030_9992609290030_9992609290030K,,0,0,0,0,竖纹,COCINA-01,PRUEBA,,COCINA-01_B1 Esquinero bajo_Piso,9992609290030
4,COCINA-01_B1 Esquinero bajo_Techo,COCINA-01_B1 Esquinero bajo_Techo,1,782,782,0.61,18,18_Melamina_BLANCO 18,782,782,0.61,18,9992609290047_9992609290047,,0,0,0,0,竖纹,COCINA-01,PRUEBA,,COCINA-01_B1 Esquinero bajo_Techo,9992609290047
5,COCINA-01_B1 Esquinero bajo_Fondo A,COCINA-01_B1 Esquinero bajo_Fondo A,1,734,755,0.55,5,5_Melamina_BLANCO 5,734,755,0.55,5,9992609290054,,0,0,0,0,竖纹,COCINA-01,PRUEBA,,COCINA-01_B1 Esquinero bajo_Fondo A,9992609290054
6,COCINA-01_B1 Esquinero bajo_Fondo B,COCINA-01_B1 Esquinero bajo_Fondo B,1,734,762,0.56,5,5_Melamina_BLANCO 5,734,762,0.56,5,9992609290061,,0,0,0,0,竖纹,COCINA-01,PRUEBA,,COCINA-01_B1 Esquinero bajo_Fondo B,9992609290061
7,COCINA-01_B1 Esquinero bajo_Montante A,COCINA-01_B1 Esquinero bajo_Montante A,1,724,80,0.06,18,18_Melamina_BLANCO 18,724,79,0.06,18,9992609290078_9992609290078,,0,0,1,0,竖纹,COCINA-01,PRUEBA,,COCINA-01_B1 Esquinero bajo_Montante A,9992609290078
8,COCINA-01_B1 Esquinero bajo_Montante B,COCINA-01_B1 Esquinero bajo_Montante B,1,724,80,0.06,18,18_Melamina_BLANCO 18,724,79,0.06,18,9992609290085_9992609290085,,0,0,0,1,竖纹,COCINA-01,PRUEBA,,COCINA-01_B1 Esquinero bajo_Montante B,9992609290085
9,COCINA-01_B1 Esquinero bajo_Puerta,COCINA-01_B1 Esquinero bajo_Puerta,1,757,282.67,0.21,18,18_Melamina_VERDE 18,755,280.67,0.21,18,9992609290092_9992609290092,,1,1,1,1,竖纹,COCINA-01,PRUEBA,,COCINA-01_B1 Esquinero bajo_Puerta,9992609290092
10,COCINA-01_B1 Esquinero bajo_Estante 1,COCINA-01_B1 Esquinero bajo_Estante 1,1,750,750,0.56,18,18_Melamina_BLANCO 18,750,750,0.56,18,9992609290108,,0,0,0,0,竖纹,COCINA-01,PRUEBA,,COCINA-01_B1 Esquinero bajo_Estante 1,9992609290108
11,COCINA-01_B2 Bajo pileta 600_Lateral der,COCINA-01_B2 Bajo pileta 600_Lateral der,1,760,580,0.44,18,18_Melamina_BLANCO 18,760,579,0.44,18,9992609290115_9992609290115,,0,0,0,1,竖纹,COCINA-01,PRUEBA,,COCINA-01_B2 Bajo pileta 600_Lateral der,9992609290115
12,COCINA-01_B2 Bajo pileta 600_Lateral izq,COCINA-01_B2 Bajo pileta 600_Lateral izq,1,760,580,0.44,18,18_Melamina_BLANCO 18,760,579,0.44,18,9992609290122_9992609290122,,0,0,1,0,竖纹,COCINA-01,PRUEBA,,COCINA-01_B2 Bajo pileta 600_Lateral izq,9992609290122
13,COCINA-01_B2 Bajo pileta 600_Piso,COCINA-01_B2 Bajo pileta 600_Piso,1,580,564,0.33,18,18_Melamina_BLANCO 18,579,564,0.33,18,9992609290139_9992609290139_9992609290139K,,0,1,0,0,竖纹,COCINA-01,PRUEBA,,COCINA-01_B2 Bajo pileta 600_Piso,9992609290139
14,COCINA-01_B2 Bajo pileta 600_Travesano delantero,COCINA-01_B2 Bajo pileta 600_Travesano delantero,1,100,564,0.06,18,18_Melamina_BLANCO 18,99,564,0.06,18,9992609290146_9992609290146,,0,1,0,0,竖纹,COCINA-01,PRUEBA,,COCINA-01_B2 Bajo pileta 600_Travesano delantero,9992609290146
15,COCINA-01_B2 Bajo pileta 600_Travesano trasero,COCINA-01_B2 Bajo pileta 600_Travesano trasero,1,100,564,0.06,18,18_Melamina_BLANCO 18,100,564,0.06,18,9992609290153_9992609290153,,0,0,0,0,竖纹,COCINA-01,PRUEBA,,COCINA-01_B2 Bajo pileta 600_Travesano trasero,9992609290153
16,COCINA-01_B2 Bajo pileta 600_Fondo,COCINA-01_B2 Bajo pileta 600_Fondo,1,746,574,0.43,5,5_Melamina_BLANCO 5,746,574,0.43,5,9992609290160,,0,0,0,0,竖纹,COCINA-01,PRUEBA,,COCINA-01_B2 Bajo pileta 600_Fondo,9992609290160
17,COCINA-01_B2 Bajo pileta 600_Frente fijo,COCINA-01_B2 Bajo pileta 600_Frente fijo,1,185,597,0.11,18,18_Melamina_VERDE 18,183,595,0.11,18,9992609290177,,1,1,1,1,竖纹,COCINA-01,PRUEBA,,COCINA-01_B2 Bajo pileta 600_Frente fijo,9992609290177
18,COCINA-01_B2 Bajo pileta 600_Puerta der,COCINA-01_B2 Bajo pileta 600_Puerta der,1,569,297,0.17,18,18_Melamina_VERDE 18,567,295,0.17,18,9992609290184_9992609290184,,1,1,1,1,竖纹,COCINA-01,PRUEBA,,COCINA-01_B2 Bajo pileta 600_Puerta der,9992609290184
19,COCINA-01_B2 Bajo pileta 600_Puerta izq,COCINA-01_B2 Bajo pileta 600_Puerta izq,1,569,297,0.17,18,18_Melamina_VERDE 18,567,295,0.17,18,9992609290191_9992609290191,,1,1,1,1,竖纹,COCINA-01,PRUEBA,,COCINA-01_B2 Bajo pileta 600_Puerta izq,9992609290191
20,COCINA-01_B3 Cajonera 320_Lateral der,COCINA-01_B3 Cajonera 320_Lateral der,1,760,580,0.44,18,18_Melamina_BLANCO 18,760,579,0.44,18,9992609290207_9992609290207,,0,0,0,1,竖纹,COCINA-01,PRUEBA,,COCINA-01_B3 Cajonera 320_Lateral der,9992609290207
21,COCINA-01_B3 Cajonera 320_Lateral izq,COCINA-01_B3 Cajonera 320_Lateral izq,1,760,580,0.44,18,18_Melamina_BLANCO 18,760,579,0.44,18,9992609290214_9992609290214,,0,0,1,0,竖纹,COCINA-01,PRUEBA,,COCINA-01_B3 Cajonera 320_Lateral izq,9992609290214
22,COCINA-01_B3 Cajonera 320_Piso,COCINA-01_B3 Cajonera 320_Piso,1,580,284,0.16,18,18_Melamina_BLANCO 18,579,284,0.16,18,9992609290221_9992609290221_9992609290221K,,0,1,0,0,竖纹,COCINA-01,PRUEBA,,COCINA-01_B3 Cajonera 320_Piso,9992609290221
23,COCINA-01_B3 Cajonera 320_Travesano delantero,COCINA-01_B3 Cajonera 320_Travesano delantero,1,100,284,0.03,18,18_Melamina_BLANCO 18,99,284,0.03,18,9992609290238_9992609290238,,1,0,0,0,竖纹,COCINA-01,PRUEBA,,COCINA-01_B3 Cajonera 320_Travesano delantero,9992609290238
24,COCINA-01_B3 Cajonera 320_Travesano trasero,COCINA-01_B3 Cajonera 320_Travesano trasero,1,100,284,0.03,18,18_Melamina_BLANCO 18,100,284,0.03,18,9992609290245_9992609290245,,0,0,0,0,竖纹,COCINA-01,PRUEBA,,COCINA-01_B3 Cajonera 320_Travesano trasero,9992609290245
25,COCINA-01_B3 Cajonera 320_Fondo,COCINA-01_B3 Cajonera 320_Fondo,1,746,294,0.22,5,5_Melamina_BLANCO 5,746,294,0.22,5,9992609290252,,0,0,0,0,竖纹,COCINA-01,PRUEBA,,COCINA-01_B3 Cajonera 320_Fondo,9992609290252
26,COCINA-01_B3 Cajonera 320_Frente cajon 1,COCINA-01_B3 Cajonera 320_Frente cajon 1,1,187,317,0.06,18,18_Melamina_VERDE 18,185,315,0.06,18,9992609290269,,1,1,1,1,竖纹,COCINA-01,PRUEBA,,COCINA-01_B3 Cajonera 320_Frente cajon 1,9992609290269
27,COCINA-01_B3 Cajonera 320_Cajon 1 frente,COCINA-01_B3 Cajonera 320_Cajon 1 frente,1,120,258,0.03,18,18_Melamina_BLANCO 18,119,258,0.03,18,9992609290276_9992609290276,,0,1,0,0,竖纹,COCINA-01,PRUEBA,,COCINA-01_B3 Cajonera 320_Cajon 1 frente,9992609290276
28,COCINA-01_B3 Cajonera 320_Cajon 1 contrafrente,COCINA-01_B3 Cajonera 320_Cajon 1 contrafrente,1,120,258,0.03,18,18_Melamina_BLANCO 18,119,258,0.03,18,9992609290283_9992609290283,,0,1,0,0,竖纹,COCINA-01,PRUEBA,,COCINA-01_B3 Cajonera 320_Cajon 1 contrafrente,9992609290283
29,COCINA-01_B3 Cajonera 320_Cajon 1 costado der,COCINA-01_B3 Cajonera 320_Cajon 1 costado der,1,120,414,0.05,18,18_Melamina_BLANCO 18,119,414,0.05,18,9992609290290_9992609290290_9992609290290K,,0,1,0,0,竖纹,COCINA-01,PRUEBA,,COCINA-01_B3 Cajonera 320_Cajon 1 costado der,9992609290290
30,COCINA-01_B3 Cajonera 320_Cajon 1 costado izq,COCINA-01_B3 Cajonera 320_Cajon 1 costado izq,1,120,414,0.05,18,18_Melamina_BLANCO 18,119,414,0.05,18,9992609290306_9992609290306_9992609290306K,,0,1,0,0,竖纹,COCINA-01,PRUEBA,,COCINA-01_B3 Cajonera 320_Cajon 1 costado izq,9992609290306
31,COCINA-01_B3 Cajonera 320_Cajon 1 fondo,COCINA-01_B3 Cajonera 320_Cajon 1 fondo,1,423,231,0.1,5,5_Melamina_BLANCO 5,423,231,0.1,5,9992609290313,,0,0,0,0,竖纹,COCINA-01,PRUEBA,,COCINA-01_B3 Cajonera 320_Cajon 1 fondo,9992609290313
32,COCINA-01_B3 Cajonera 320_Frente cajon 2,COCINA-01_B3 Cajonera 320_Frente cajon 2,1,187,317,0.06,18,18_Melamina_VERDE 18,185,315,0.06,18,9992609290320,,1,1,1,1,竖纹,COCINA-01,PRUEBA,,COCINA-01_B3 Cajonera 320_Frente cajon 2,9992609290320
33,COCINA-01_B3 Cajonera 320_Cajon 2 frente,COCINA-01_B3 Cajonera 320_Cajon 2 frente,1,120,258,0.03,18,18_Melamina_BLANCO 18,119,258,0.03,18,9992609290337_9992609290337,,0,1,0,0,竖纹,COCINA-01,PRUEBA,,COCINA-01_B3 Cajonera 320_Cajon 2 frente,9992609290337
34,COCINA-01_B3 Cajonera 320_Cajon 2 contrafrente,COCINA-01_B3 Cajonera 320_Cajon 2 contrafrente,1,120,258,0.03,18,18_Melamina_BLANCO 18,119,258,0.03,18,9992609290344_9992609290344,,0,1,0,0,竖纹,COCINA-01,PRUEBA,,COCINA-01_B3 Cajonera 320_Cajon 2 contrafrente,9992609290344
35,COCINA-01_B3 Cajonera 320_Cajon 2 costado der,COCINA-01_B3 Cajonera 320_Cajon 2 costado der,1,120,414,0.05,18,18_Melamina_BLANCO 18,119,414,0.05,18,9992609290351_9992609290351_9992609290351K,,0,1,0,0,竖纹,COCINA-01,PRUEBA,,COCINA-01_B3 Cajonera 320_Cajon 2 costado der,9992609290351
36,COCINA-01_B3 Cajonera 320_Cajon 2 costado izq,COCINA-01_B3 Cajonera 320_Cajon 2 costado izq,1,120,414,0.05,18,18_Melamina_BLANCO 18,119,414,0.05,18,9992609290368_9992609290368_9992609290368K,,0,1,0,0,竖纹,COCINA-01,PRUEBA,,COCINA-01_B3 Cajonera 320_Cajon 2 costado izq,9992609290368
37,COCINA-01_B3 Cajonera 320_Cajon 2 fondo,COCINA-01_B3 Cajonera 320_Cajon 2 fondo,1,423,231,0.1,5,5_Melamina_BLANCO 5,423,231,0.1,5,9992609290375,,0,0,0,0,竖纹,COCINA-01,PRUEBA,,COCINA-01_B3 Cajonera 320_Cajon 2 fondo,9992609290375
38,COCINA-01_B3 Cajonera 320_Frente cajon 3,COCINA-01_B3 Cajonera 320_Frente cajon 3,1,187,317,0.06,18,18_Melamina_VERDE 18,185,315,0.06,18,9992609290382,,1,1,1,1,竖纹,COCINA-01,PRUEBA,,COCINA-01_B3 Cajonera 320_Frente cajon 3,9992609290382
39,COCINA-01_B3 Cajonera 320_Cajon 3 frente,COCINA-01_B3 Cajonera 320_Cajon 3 frente,1,120,258,0.03,18,18_Melamina_BLANCO 18,119,258,0.03,18,9992609290399_9992609290399,,0,1,0,0,竖纹,COCINA-01,PRUEBA,,COCINA-01_B3 Cajonera 320_Cajon 3 frente,9992609290399
40,COCINA-01_B3 Cajonera 320_Cajon 3 contrafrente,COCINA-01_B3 Cajonera 320_Cajon 3 contrafrente,1,120,258,0.03,18,18_Melamina_BLANCO 18,119,258,0.03,18,9992609290405_9992609290405,,0,1,0,0,竖纹,COCINA-01,PRUEBA,,COCINA-01_B3 Cajonera 320_Cajon 3 contrafrente,9992609290405
41,COCINA-01_B3 Cajonera 320_Cajon 3 costado der,COCINA-01_B3 Cajonera 320_Cajon 3 costado der,1,120,414,0.05,18,18_Melamina_BLANCO 18,119,414,0.05,18,9992609290412_9992609290412_9992609290412K,,0,1,0,0,竖纹,COCINA-01,PRUEBA,,COCINA-01_B3 Cajonera 320_Cajon 3 costado der,9992609290412
42,COCINA-01_B3 Cajonera 320_Cajon 3 costado izq,COCINA-01_B3 Cajonera 320_Cajon 3 costado izq,1,120,414,0.05,18,18_Melamina_BLANCO 18,119,414,0.05,18,9992609290429_9992609290429_9992609290429K,,0,1,0,0,竖纹,COCINA-01,PRUEBA,,COCINA-01_B3 Cajonera 320_Cajon 3 costado izq,9992609290429
43,COCINA-01_B3 Cajonera 320_Cajon 3 fondo,COCINA-01_B3 Cajonera 320_Cajon 3 fondo,1,423,231,0.1,5,5_Melamina_BLANCO 5,423,231,0.1,5,9992609290436,,0,0,0,0,竖纹,COCINA-01,PRUEBA,,COCINA-01_B3 Cajonera 320_Cajon 3 fondo,9992609290436
44,COCINA-01_B3 Cajonera 320_Frente cajon 4,COCINA-01_B3 Cajonera 320_Frente cajon 4,1,187,317,0.06,18,18_Melamina_VERDE 18,185,315,0.06,18,9992609290443,,1,1,1,1,竖纹,COCINA-01,PRUEBA,,COCINA-01_B3 Cajonera 320_Frente cajon 4,9992609290443
45,COCINA-01_B3 Cajonera 320_Cajon 4 frente,COCINA-01_B3 Cajonera 320_Cajon 4 frente,1,120,258,0.03,18,18_Melamina_BLANCO 18,119,258,0.03,18,9992609290450_9992609290450,,0,1,0,0,竖纹,COCINA-01,PRUEBA,,COCINA-01_B3 Cajonera 320_Cajon 4 frente,9992609290450
46,COCINA-01_B3 Cajonera 320_Cajon 4 contrafrente,COCINA-01_B3 Cajonera 320_Cajon 4 contrafrente,1,120,258,0.03,18,18_Melamina_BLANCO 18,119,258,0.03,18,9992609290467_9992609290467,,0,1,0,0,竖纹,COCINA-01,PRUEBA,,COCINA-01_B3 Cajonera 320_Cajon 4 contrafrente,9992609290467
47,COCINA-01_B3 Cajonera 320_Cajon 4 costado der,COCINA-01_B3 Cajonera 320_Cajon 4 costado der,1,120,414,0.05,18,18_Melamina_BLANCO 18,119,414,0.05,18,9992609290474_9992609290474_9992609290474K,,0,1,0,0,竖纹,COCINA-01,PRUEBA,,COCINA-01_B3 Cajonera 320_Cajon 4 costado der,9992609290474
48,COCINA-01_B3 Cajonera 320_Cajon 4 costado izq,COCINA-01_B3 Cajonera 320_Cajon 4 costado izq,1,120,414,0.05,18,18_Melamina_BLANCO 18,119,414,0.05,18,9992609290481_9992609290481_9992609290481K,,0,1,0,0,竖纹,COCINA-01,PRUEBA,,COCINA-01_B3 Cajonera 320_Cajon 4 costado izq,9992609290481
49,COCINA-01_B3 Cajonera 320_Cajon 4 fondo,COCINA-01_B3 Cajonera 320_Cajon 4 fondo,1,423,231,0.1,5,5_Melamina_BLANCO 5,423,231,0.1,5,9992609290498,,0,0,0,0,竖纹,COCINA-01,PRUEBA,,COCINA-01_B3 Cajonera 320_Cajon 4 fondo,9992609290498
50,COCINA-01_P1 Panel lavavajillas_Panel terminal,COCINA-01_P1 Panel lavavajillas_Panel terminal,1,860,598,0.51,18,18_Melamina_VERDE 18,858,596,0.51,18,9992609290504,,1,1,1,1,竖纹,COCINA-01,PRUEBA,,COCINA-01_P1 Panel lavavajillas_Panel terminal,9992609290504
51,COCINA-01_P2 Panel cocina_Panel terminal,COCINA-01_P2 Panel cocina_Panel terminal,1,860,598,0.51,18,18_Melamina_VERDE 18,858,596,0.51,18,9992609290511,,1,1,1,1,竖纹,COCINA-01,PRUEBA,,COCINA-01_P2 Panel cocina_Panel terminal,9992609290511
52,COCINA-01_A1 Esquinero alacena_Lateral A,COCINA-01_A1 Esquinero alacena_Lateral A,1,980,332,0.33,18,18_Melamina_BLANCO 18,980,331,0.32,18,9992609290528_9992609290528,,0,0,1,0,竖纹,COCINA-01,PRUEBA,,COCINA-01_A1 Esquinero alacena_Lateral A,9992609290528
53,COCINA-01_A1 Esquinero alacena_Lateral B,COCINA-01_A1 Esquinero alacena_Lateral B,1,980,332,0.33,18,18_Melamina_BLANCO 18,980,331,0.32,18,9992609290535_9992609290535,,0,0,0,1,竖纹,COCINA-01,PRUEBA,,COCINA-01_A1 Esquinero alacena_Lateral B,9992609290535
54,COCINA-01_A1 Esquinero alacena_Piso,COCINA-01_A1 Esquinero alacena_Piso,1,782,782,0.61,18,18_Melamina_BLANCO 18,782,782,0.61,18,9992609290542_9992609290542_9992609290542K,,0,0,0,0,竖纹,COCINA-01,PRUEBA,,COCINA-01_A1 Esquinero alacena_Piso,9992609290542
55,COCINA-01_A1 Esquinero alacena_Techo,COCINA-01_A1 Esquinero alacena_Techo,1,782,782,0.61,18,18_Melamina_BLANCO 18,782,782,0.61,18,9992609290559_9992609290559,,0,0,0,0,竖纹,COCINA-01,PRUEBA,,COCINA-01_A1 Esquinero alacena_Techo,9992609290559
56,COCINA-01_A1 Esquinero alacena_Fondo A,COCINA-01_A1 Esquinero alacena_Fondo A,1,954,755,0.72,5,5_Melamina_BLANCO 5,954,755,0.72,5,9992609290566,,0,0,0,0,竖纹,COCINA-01,PRUEBA,,COCINA-01_A1 Esquinero alacena_Fondo A,9992609290566
57,COCINA-01_A1 Esquinero alacena_Fondo B,COCINA-01_A1 Esquinero alacena_Fondo B,1,954,762,0.73,5,5_Melamina_BLANCO 5,954,762,0.73,5,9992609290573,,0,0,0,0,竖纹,COCINA-01,PRUEBA,,COCINA-01_A1 Esquinero alacena_Fondo B,9992609290573
58,COCINA-01_A1 Esquinero alacena_Montante A,COCINA-01_A1 Esquinero alacena_Montante A,1,944,80,0.08,18,18_Melamina_BLANCO 18,944,79,0.07,18,9992609290580_9992609290580,,0,0,1,0,竖纹,COCINA-01,PRUEBA,,COCINA-01_A1 Esquinero alacena_Montante A,9992609290580
59,COCINA-01_A1 Esquinero alacena_Montante B,COCINA-01_A1 Esquinero alacena_Montante B,1,944,80,0.08,18,18_Melamina_BLANCO 18,944,79,0.07,18,9992609290597_9992609290597,,0,0,0,1,竖纹,COCINA-01,PRUEBA,,COCINA-01_A1 Esquinero alacena_Montante B,9992609290597
60,COCINA-01_A1 Esquinero alacena_Puerta,COCINA-01_A1 Esquinero alacena_Puerta,1,977,633.4,0.62,18,18_Melamina_VERDE 18,975,631.4,0.62,18,9992609290603_9992609290603,,1,1,1,1,竖纹,COCINA-01,PRUEBA,,COCINA-01_A1 Esquinero alacena_Puerta,9992609290603
61,COCINA-01_A1 Esquinero alacena_Estante 1,COCINA-01_A1 Esquinero alacena_Estante 1,1,750,750,0.56,18,18_Melamina_BLANCO 18,750,750,0.56,18,9992609290610,,0,0,0,0,竖纹,COCINA-01,PRUEBA,,COCINA-01_A1 Esquinero alacena_Estante 1,9992609290610
62,COCINA-01_A1 Esquinero alacena_Estante 2,COCINA-01_A1 Esquinero alacena_Estante 2,1,750,750,0.56,18,18_Melamina_BLANCO 18,750,750,0.56,18,9992609290627,,0,0,0,0,竖纹,COCINA-01,PRUEBA,,COCINA-01_A1 Esquinero alacena_Estante 2,9992609290627
63,COCINA-01_A1 Esquinero alacena_Cenefa,COCINA-01_A1 Esquinero alacena_Cenefa,1,60,636.4,0.04,18,18_Melamina_VERDE 18,59,636.4,0.04,18,9992609290634_9992609290634,,1,0,0,0,竖纹,COCINA-01,PRUEBA,,COCINA-01_A1 Esquinero alacena_Cenefa,9992609290634
64,COCINA-01_A2 Alacena 600_Piso,COCINA-01_A2 Alacena 600_Piso,1,332,600,0.2,18,18_Melamina_BLANCO 18,331,600,0.2,18,9992609290641_9992609290641_9992609290641K,,0,1,0,0,竖纹,COCINA-01,PRUEBA,,COCINA-01_A2 Alacena 600_Piso,9992609290641
65,COCINA-01_A2 Alacena 600_Techo,COCINA-01_A2 Alacena 600_Techo,1,332,600,0.2,18,18_Melamina_BLANCO 18,331,600,0.2,18,9992609290658_9992609290658,,1,0,0,0,竖纹,COCINA-01,PRUEBA,,COCINA-01_A2 Alacena 600_Techo,9992609290658
66,COCINA-01_A2 Alacena 600_Lateral der,COCINA-01_A2 Alacena 600_Lateral der,1,944,332,0.31,18,18_Melamina_BLANCO 18,944,331,0.31,18,9992609290665_9992609290665,,0,0,0,1,竖纹,COCINA-01,PRUEBA,,COCINA-01_A2 Alacena 600_Lateral der,9992609290665
67,COCINA-01_A2 Alacena 600_Lateral izq,COCINA-01_A2 Alacena 600_Lateral izq,1,944,332,0.31,18,18_Melamina_BLANCO 18,944,331,0.31,18,9992609290672_9992609290672,,0,0,1,0,竖纹,COCINA-01,PRUEBA,,COCINA-01_A2 Alacena 600_Lateral izq,9992609290672
68,COCINA-01_A2 Alacena 600_Fondo,COCINA-01_A2 Alacena 600_Fondo,1,954,574,0.55,5,5_Melamina_BLANCO 5,954,574,0.55,5,9992609290689,,0,0,0,0,竖纹,COCINA-01,PRUEBA,,COCINA-01_A2 Alacena 600_Fondo,9992609290689
69,COCINA-01_A2 Alacena 600_Cenefa,COCINA-01_A2 Alacena 600_Cenefa,1,60,600,0.04,18,18_Melamina_VERDE 18,59,598,0.04,18,9992609290696_9992609290696,,1,0,1,1,竖纹,COCINA-01,PRUEBA,,COCINA-01_A2 Alacena 600_Cenefa,9992609290696
70,COCINA-01_A2 Alacena 600_Puerta der,COCINA-01_A2 Alacena 600_Puerta der,1,977,297,0.29,18,18_Melamina_VERDE 18,975,295,0.29,18,9992609290702_9992609290702,,1,1,1,1,竖纹,COCINA-01,PRUEBA,,COCINA-01_A2 Alacena 600_Puerta der,9992609290702
71,COCINA-01_A2 Alacena 600_Puerta izq,COCINA-01_A2 Alacena 600_Puerta izq,1,977,297,0.29,18,18_Melamina_VERDE 18,975,295,0.29,18,9992609290719_9992609290719,,1,1,1,1,竖纹,COCINA-01,PRUEBA,,COCINA-01_A2 Alacena 600_Puerta izq,9992609290719
72,COCINA-01_A2 Alacena 600_Estante 1,COCINA-01_A2 Alacena 600_Estante 1,1,281,562,0.16,18,18_Melamina_BLANCO 18,280,562,0.16,18,9992609290726,,0,1,0,0,竖纹,COCINA-01,PRUEBA,,COCINA-01_A2 Alacena 600_Estante 1,9992609290726
73,COCINA-01_A2 Alacena 600_Estante 2,COCINA-01_A2 Alacena 600_Estante 2,1,281,562,0.16,18,18_Melamina_BLANCO 18,280,562,0.16,18,9992609290733,,0,1,0,0,竖纹,COCINA-01,PRUEBA,,COCINA-01_A2 Alacena 600_Estante 2,9992609290733
74,COCINA-01_A3 Alacena 800_Piso,COCINA-01_A3 Alacena 800_Piso,1,332,800,0.27,18,18_Melamina_BLANCO 18,331,800,0.26,18,9992609290740_9992609290740_9992609290740K,,0,1,0,0,竖纹,COCINA-01,PRUEBA,,COCINA-01_A3 Alacena 800_Piso,9992609290740
75,COCINA-01_A3 Alacena 800_Techo,COCINA-01_A3 Alacena 800_Techo,1,332,800,0.27,18,18_Melamina_BLANCO 18,331,800,0.26,18,9992609290757_9992609290757,,1,0,0,0,竖纹,COCINA-01,PRUEBA,,COCINA-01_A3 Alacena 800_Techo,9992609290757
76,COCINA-01_A3 Alacena 800_Lateral der,COCINA-01_A3 Alacena 800_Lateral der,1,944,332,0.31,18,18_Melamina_BLANCO 18,944,331,0.31,18,9992609290764_9992609290764,,0,0,0,1,竖纹,COCINA-01,PRUEBA,,COCINA-01_A3 Alacena 800_Lateral der,9992609290764
77,COCINA-01_A3 Alacena 800_Lateral izq,COCINA-01_A3 Alacena 800_Lateral izq,1,944,332,0.31,18,18_Melamina_BLANCO 18,944,331,0.31,18,9992609290771_9992609290771,,0,0,1,0,竖纹,COCINA-01,PRUEBA,,COCINA-01_A3 Alacena 800_Lateral izq,9992609290771
78,COCINA-01_A3 Alacena 800_Fondo,COCINA-01_A3 Alacena 800_Fondo,1,954,774,0.74,5,5_Melamina_BLANCO 5,954,774,0.74,5,9992609290788,,0,0,0,0,竖纹,COCINA-01,PRUEBA,,COCINA-01_A3 Alacena 800_Fondo,9992609290788
79,COCINA-01_A3 Alacena 800_Cenefa,COCINA-01_A3 Alacena 800_Cenefa,1,60,800,0.05,18,18_Melamina_VERDE 18,59,798,0.05,18,9992609290795_9992609290795,,1,0,1,1,竖纹,COCINA-01,PRUEBA,,COCINA-01_A3 Alacena 800_Cenefa,9992609290795
80,COCINA-01_A3 Alacena 800_Puerta der,COCINA-01_A3 Alacena 800_Puerta der,1,977,397,0.39,18,18_Melamina_VERDE 18,975,395,0.39,18,9992609290801_9992609290801,,1,1,1,1,竖纹,COCINA-01,PRUEBA,,COCINA-01_A3 Alacena 800_Puerta der,9992609290801
81,COCINA-01_A3 Alacena 800_Puerta izq,COCINA-01_A3 Alacena 800_Puerta izq,1,977,397,0.39,18,18_Melamina_VERDE 18,975,395,0.39,18,9992609290818_9992609290818,,1,1,1,1,竖纹,COCINA-01,PRUEBA,,COCINA-01_A3 Alacena 800_Puerta izq,9992609290818
82,COCINA-01_A3 Alacena 800_Estante 1,COCINA-01_A3 Alacena 800_Estante 1,1,281,762,0.21,18,18_Melamina_BLANCO 18,280,762,0.21,18,9992609290825,,0,1,0,0,竖纹,COCINA-01,PRUEBA,,COCINA-01_A3 Alacena 800_Estante 1,9992609290825
83,COCINA-01_A3 Alacena 800_Estante 2,COCINA-01_A3 Alacena 800_Estante 2,1,281,762,0.21,18,18_Melamina_BLANCO 18,280,762,0.21,18,9992609290832,,0,1,0,0,竖纹,COCINA-01,PRUEBA,,COCINA-01_A3 Alacena 800_Estante 2,9992609290832
84,COCINA-01_A4 Alacena 570_Piso,COCINA-01_A4 Alacena 570_Piso,1,332,570,0.19,18,18_Melamina_BLANCO 18,331,570,0.19,18,9992609290849_9992609290849_9992609290849K,,0,1,0,0,竖纹,COCINA-01,PRUEBA,,COCINA-01_A4 Alacena 570_Piso,9992609290849
85,COCINA-01_A4 Alacena 570_Techo,COCINA-01_A4 Alacena 570_Techo,1,332,570,0.19,18,18_Melamina_BLANCO 18,331,570,0.19,18,9992609290856_9992609290856,,1,0,0,0,竖纹,COCINA-01,PRUEBA,,COCINA-01_A4 Alacena 570_Techo,9992609290856
86,COCINA-01_A4 Alacena 570_Lateral der,COCINA-01_A4 Alacena 570_Lateral der,1,944,332,0.31,18,18_Melamina_BLANCO 18,944,331,0.31,18,9992609290863_9992609290863,,0,0,0,1,竖纹,COCINA-01,PRUEBA,,COCINA-01_A4 Alacena 570_Lateral der,9992609290863
87,COCINA-01_A4 Alacena 570_Lateral izq,COCINA-01_A4 Alacena 570_Lateral izq,1,944,332,0.31,18,18_Melamina_BLANCO 18,944,331,0.31,18,9992609290870_9992609290870,,0,0,1,0,竖纹,COCINA-01,PRUEBA,,COCINA-01_A4 Alacena 570_Lateral izq,9992609290870
88,COCINA-01_A4 Alacena 570_Fondo,COCINA-01_A4 Alacena 570_Fondo,1,954,544,0.52,5,5_Melamina_BLANCO 5,954,544,0.52,5,9992609290887,,0,0,0,0,竖纹,COCINA-01,PRUEBA,,COCINA-01_A4 Alacena 570_Fondo,9992609290887
89,COCINA-01_A4 Alacena 570_Cenefa,COCINA-01_A4 Alacena 570_Cenefa,1,60,570,0.03,18,18_Melamina_VERDE 18,59,568,0.03,18,9992609290894_9992609290894,,1,0,1,1,竖纹,COCINA-01,PRUEBA,,COCINA-01_A4 Alacena 570_Cenefa,9992609290894
90,COCINA-01_A4 Alacena 570_Puerta der,COCINA-01_A4 Alacena 570_Puerta der,1,977,282,0.28,18,18_Melamina_VERDE 18,975,280,0.27,18,9992609290900_9992609290900,,1,1,1,1,竖纹,COCINA-01,PRUEBA,,COCINA-01_A4 Alacena 570_Puerta der,9992609290900
91,COCINA-01_A4 Alacena 570_Puerta izq,COCINA-01_A4 Alacena 570_Puerta izq,1,977,282,0.28,18,18_Melamina_VERDE 18,975,280,0.27,18,9992609290917_9992609290917,,1,1,1,1,竖纹,COCINA-01,PRUEBA,,COCINA-01_A4 Alacena 570_Puerta izq,9992609290917
92,COCINA-01_A4 Alacena 570_Estante 1,COCINA-01_A4 Alacena 570_Estante 1,1,281,532,0.15,18,18_Melamina_BLANCO 18,280,532,0.15,18,9992609290924,,0,1,0,0,竖纹,COCINA-01,PRUEBA,,COCINA-01_A4 Alacena 570_Estante 1,9992609290924
93,COCINA-01_A4 Alacena 570_Estante 2,COCINA-01_A4 Alacena 570_Estante 2,1,281,532,0.15,18,18_Melamina_BLANCO 18,280,532,0.15,18,9992609290931,,0,1,0,0,竖纹,COCINA-01,PRUEBA,,COCINA-01_A4 Alacena 570_Estante 2,9992609290931
94,COCINA-01_Z Zocalos_Zocalo largo,COCINA-01_Z Zocalos_Zocalo largo,1,99,955,0.09,18,18_Melamina_VERDE 18,98,955,0.09,18,9992609290948,,1,0,0,0,竖纹,COCINA-01,PRUEBA,,COCINA-01_Z Zocalos_Zocalo largo,9992609290948
95,COCINA-01_Z Zocalos_Zocalo diagonal,COCINA-01_Z Zocalos_Zocalo diagonal,1,99,367.7,0.04,18,18_Melamina_VERDE 18,98,367.7,0.04,18,9992609290955,,1,0,0,0,竖纹,COCINA-01,PRUEBA,,COCINA-01_Z Zocalos_Zocalo diagonal,9992609290955
